{"cameraMode":{"drawMode":0,"name":"Shaded","section":"Shading Mode"},"sceneLighting":false,"audioPlay":false,"sceneViewState":{"showFog":true,"showMaterialUpdate":false,"showSkybox":true,"showFlares":true,"showImageEffects":true,"showParticleSystems":true},"in2DMode":false,"pivot":{"x":0.06319443136453629,"y":0.13003294169902802,"z":1.618044137954712},"rotation":{"x":0.37080079317092898,"y":-0.6020858287811279,"z":0.37080109119415285,"w":0.6020863652229309},"size":93.33317565917969,"orthographic":false}